Device_ID,Appliance_Name,Model_Specification,Category,Average_Power_Watts,Typical_Daily_Usage,Usage_Unit,Daily_Energy_kWh,GHG_Emission_Factor_kgCO2_per_unit,Daily_CO2_Emissions_kg,Annual_CO2_Emissions_kg,Annual_Trees_Required_Offset,Energy_Efficiency_Rating,GHG_Protocol_Scope,Roboflow_Detection_Class,Decarbonization_Action_Tip
DEV-001,Split Air Conditioner,1.5-Ton 5-Star Inverter AC,Cooling & Heating,1500,8.0,hours,12.00,0.82,9.84,3591.6,180,5-Star Inverter,Scope 2 (Indirect Grid),air_conditioner,"Set thermostat to 24°C instead of 18°C to reduce power consumption by 24%."
DEV-002,Window Air Conditioner,1.5-Ton Non-Inverter Rotary,Cooling & Heating,1800,8.0,hours,14.40,0.82,11.81,4309.9,216,2-Star Legacy,Scope 2 (Indirect Grid),air_conditioner,"Upgrade to BLDC inverter compressor to save ~500 kWh annually."
DEV-003,Frost-Free Refrigerator,Double Door 260L Inverter,Kitchen Appliance,140,24.0,hours,1.40,0.82,1.15,419.0,21,4-Star Smart Inverter,Scope 2 (Indirect Grid),refrigerator,"Maintain 5cm wall clearance around coils and keep condenser clean."
DEV-004,Direct Cool Refrigerator,Single Door 190L Standard,Kitchen Appliance,110,24.0,hours,1.10,0.82,0.90,329.2,17,3-Star Standard,Scope 2 (Indirect Grid),refrigerator,"Defrost freezer regularly; ice buildup exceeding 6mm increases energy use by 20%."
DEV-005,Microwave Oven,Countertop Convection 28L 1200W,Kitchen Appliance,1200,0.5,hours,0.60,0.82,0.49,179.6,9,Standard Electric,Scope 2 (Indirect Grid),microwave,"Use microwave reheating over conventional gas ovens for 60% energy savings."
DEV-006,Electric Induction Cooktop,Dual Burner Glass Top 2000W,Kitchen Appliance,2000,1.5,hours,3.00,0.82,2.46,897.9,45,High Efficiency Induction,Scope 2 (Indirect Grid),oven,"Use flat-bottom magnetic cookware; induction delivers 85-90% thermal efficiency vs 40% gas."
DEV-007,Electric Convection Oven,Built-in Multichannel 60L,Kitchen Appliance,2400,1.0,hours,2.40,0.82,1.97,718.3,36,Energy Class A,Scope 2 (Indirect Grid),oven,"Bake multiple items simultaneously and avoid opening oven door during cooking."
DEV-008,Electric Kettle,Cordless Rapid Boil 1.7L 1800W,Kitchen Appliance,1800,0.3,hours,0.54,0.82,0.44,161.6,9,Rapid Boil Element,Scope 2 (Indirect Grid),electric_kettle,"Only boil the exact volume of water needed rather than filling to maximum."
DEV-009,Washing Machine (Front Load),8kg Fully Automatic Inverter,Laundry Appliance,500,1.5,hours,0.75,0.82,0.62,224.5,12,5-Star Eco-Wash,Scope 2 (Indirect Grid),washing_machine,"Wash in 30°C or cold water cycles; 90% of laundry energy heats the water."
DEV-010,Washing Machine (Top Load),7kg Semi-Automatic Dual Tub,Laundry Appliance,400,1.5,hours,0.60,0.82,0.49,179.6,9,3-Star Agitator,Scope 2 (Indirect Grid),washing_machine,"Always run full laundry loads and use high-spin extraction to cut drying time."
DEV-011,Clothes Dryer (Electric Vent),7kg Heated Drum Vent Dryer,Laundry Appliance,2800,1.0,hours,2.80,0.82,2.30,838.0,42,C-Rated Resistance,Scope 2 (Indirect Grid),dryer,"Air dry clothes on laundry racks outdoors whenever weather permits."
DEV-012,Smart Television,55-inch 4K UHD OLED Display,Entertainment,120,5.0,hours,0.60,0.82,0.49,179.6,9,Energy Star Tier 2,Scope 2 (Indirect Grid),television,"Enable Ambient Light Sensor and turn off screen when playing audio or background music."
DEV-013,Smart Television (LED),65-inch 4K Direct-Lit LED,Entertainment,160,6.0,hours,0.96,0.82,0.79,287.3,15,4-Star LED,Scope 2 (Indirect Grid),television,"Lower brightness from 'Vivid/Store' mode to 'Cinema/Standard' for 30% reduction."
DEV-014,Desktop Gaming PC,Core i7 + RTX 4080 (750W PSU),Computing,450,4.0,hours,1.80,0.82,1.48,538.7,27,80 Plus Gold Power Supply,Scope 2 (Indirect Grid),computer,"Enable Windows Sleep after 15 min; shut down peripherals when not gaming."
DEV-015,Laptop Computer,15-inch Intel Evo Ultrabook,Computing,45,8.0,hours,0.36,0.82,0.30,107.7,6,Energy Star 8.0,Scope 2 (Indirect Grid),laptop,"Laptops consume 80% less power than desktop towers for homework and office tasks."
DEV-016,Wi-Fi Router & Modem,Dual Band Wi-Fi 6 Router,Networking,15,24.0,hours,0.36,0.82,0.30,107.7,6,Continuous Low Power,Scope 2 (Indirect Grid),router,"Plug into a smart plug that turns off router during midnight sleeping hours (1 AM - 6 AM)."
DEV-017,Electric Water Geyser,Storage Tank 25L 2000W,Water Heating,2000,1.5,hours,3.00,0.82,2.46,897.9,45,4-Star Storage Heater,Scope 2 (Indirect Grid),water_heater,"Install a digital timer to heat water for only 45 minutes prior to bathing."
DEV-018,Ceiling Fan (BLDC),1200mm Brushless DC Motor Fan,Ventilation,28,12.0,hours,0.34,0.82,0.28,100.6,6,5-Star BLDC Motor,Scope 2 (Indirect Grid),ceiling_fan,"Switching from traditional 75W induction fans to 28W BLDC fans saves 65% energy."
DEV-019,Ceiling Fan (Conventional),1200mm Induction Motor Fan,Ventilation,75,12.0,hours,0.90,0.82,0.74,269.4,14,Legacy Induction,Scope 2 (Indirect Grid),ceiling_fan,"Replace with BLDC fans for immediate 47-watt reduction per room."
DEV-020,LED Lighting (10 Bulbs),9W Cool Daylight LED Pack,Lighting,90,6.0,hours,0.54,0.82,0.44,161.6,9,A+ Solid State Lighting,Scope 2 (Indirect Grid),lamp,"Replace any surviving 60W incandescent bulbs; LEDs use 85% less energy."
DEV-021,Petrol Passenger Car,1.5L 4-Cylinder Petrol Sedan,Transport,N/A,40.0,km,N/A,0.120,4.80,1752.0,88,BS-VI / Euro 6,Scope 1 (Direct Fuel),car,"Maintain proper tire pressure and carpool to cut direct transport emissions by 50%."
DEV-022,Diesel SUV,2.0L Turbo Diesel Utility Vehicle,Transport,N/A,50.0,km,N/A,0.145,7.25,2646.3,133,BS-VI / Euro 6,Scope 1 (Direct Fuel),car,"Avoid aggressive acceleration; smooth driving saves 15% fuel."
DEV-023,Electric Vehicle (EV),60 kWh Battery Electric Car,Transport,150,40.0,km,6.00,0.052,0.31,113.9,6,Zero Tailpipe Emission,Scope 2 (Grid Charged),car,"Charge during off-peak solar hours; emissions are 75% lower than petrol vehicles."
DEV-024,Heavy Commercial Truck,16-Wheel Inter-State Diesel Hauler,Transport,N/A,150.0,km,N/A,0.280,42.00,15330.0,767,Commercial Transport,Scope 1 (Direct Fuel),truck,"Optimize freight routing and load consolidation to minimize empty return trips."
DEV-025,Home Solar PV Inverter,5 kW Grid-Tied Solar Rooftop,Clean Energy Generation,5000,5.0,hours,-20.00,-0.82,-16.40,-5986.0,-299,Tier 1 Monocrystalline,Scope 2 (Offset Generator),solar_panel,"Generates ~20 kWh of clean solar electricity daily, eliminating nearly 6 metric tons of CO2 annually."
